CustomerId,CustomerName,Sector,Region,OnboardedDate
1,Wheeler PLC,Maritime,EU,2023-12-06
2,Stewart-Gregory,Aerospace,MENA,2026-04-06
3,"Cruz, Schultz and Caldwell",Aerospace,PAC,2024-08-16
4,Church Ltd,R&D,MENA,2025-09-14
5,Griffin-Ortega,Maritime,PAC,2025-10-06
6,Nash-Perez,Defense,CONUS,2024-12-13
7,"Rivera, Holland and Brown",Defense,CONUS,2025-02-05
8,"Moore, Davis and Velez",Defense,PAC,2025-07-21
9,Davis PLC,R&D,EU,2024-02-28
10,Osborn Group,Cyber,CONUS,2023-11-07
11,Hill Ltd,Cyber,EU,2023-12-03
12,Bean-Jones,Maritime,EU,2024-01-22
13,Chandler-Parks,Defense,CONUS,2025-07-30
14,Cortez Inc,Cyber,MENA,2025-04-07
15,Nelson Inc,Cyber,PAC,2025-06-21
16,Archer Group,Maritime,EU,2025-01-07
17,Chavez-Benson,Maritime,MENA,2024-04-07
18,Richard-Singleton,Maritime,PAC,2025-09-27
19,Cox-Ellis,Cyber,MENA,2023-03-19
20,Matthews Group,Cyber,PAC,2024-05-03
21,Miller-Brown,R&D,EU,2022-06-20
22,"Nguyen, Smith and Goodwin",Cyber,PAC,2025-04-21
23,Sanchez PLC,R&D,PAC,2025-07-12
24,Hodges-Lopez,Cyber,PAC,2023-09-04
25,Fields-Shields,Cyber,EU,2025-09-27
26,Sampson-Cook,Cyber,CONUS,2025-10-15
27,Robinson-Conley,Cyber,CONUS,2022-07-05
28,Parsons LLC,Aerospace,EU,2023-02-07
29,"Smith, Henry and Rice",Defense,MENA,2024-12-11
30,Hernandez-Harris,Cyber,MENA,2026-02-13
31,"Gray, Bell and Brown",Cyber,CONUS,2022-11-23
32,Reynolds Inc,Aerospace,PAC,2024-01-06
33,Robinson Group,Cyber,EU,2022-09-07
34,"Brown, Wilson and Stevens",Cyber,MENA,2025-09-30
35,"Bond, Harrison and Lynch",Defense,MENA,2025-02-06
36,Wheeler LLC,Defense,PAC,2024-01-28
37,Bradley PLC,Cyber,PAC,2023-12-23
38,Dunn LLC,Maritime,PAC,2024-11-14
39,Roy and Sons,Defense,PAC,2024-10-29
40,"Robinson, Palmer and Potter",Aerospace,MENA,2024-07-30
41,Joseph-Chavez,R&D,EU,2024-08-30
42,"Escobar, Hernandez and Strickland",Cyber,MENA,2024-03-29
43,"Powell, Schmidt and Myers",Cyber,CONUS,2025-02-23
44,Griffin LLC,Defense,EU,2026-01-24
45,Mcmillan and Sons,Aerospace,CONUS,2022-07-04
46,Hudson Group,Aerospace,PAC,2022-09-17
47,Scott-Olsen,R&D,CONUS,2024-10-08
48,Smith-Burnett,Defense,EU,2023-03-22
49,Cruz and Sons,Cyber,MENA,2025-04-22
50,Jones LLC,Cyber,CONUS,2023-12-15
51,"Boyd, Jones and Smith",Maritime,PAC,2023-01-31
52,"White, Carter and Collier",Cyber,CONUS,2023-09-01
53,"Day, Wall and Shepherd",Defense,EU,2022-12-04
54,Cole Group,Defense,MENA,2025-07-24
55,Bradley Ltd,R&D,CONUS,2024-12-18
56,"Patrick, Robinson and Rodriguez",Maritime,PAC,2026-01-03
57,Fowler-Harrison,Aerospace,MENA,2024-07-26
58,Wilson Ltd,R&D,EU,2025-09-16
59,Diaz PLC,Aerospace,PAC,2025-04-22
60,"Allen, Roman and Pratt",Defense,PAC,2022-07-24
61,Wheeler-Torres,Cyber,CONUS,2025-05-01
62,George-Brown,R&D,CONUS,2023-10-26
63,"Brown, Garcia and Hodges",Maritime,EU,2024-11-14
64,Simpson PLC,Aerospace,MENA,2025-12-06
65,"Garrett, Jones and Madden",Defense,CONUS,2023-02-01
66,"Carlson, Smith and Mason",Defense,EU,2026-05-08
67,"Williams, Henderson and Weeks",Cyber,CONUS,2022-09-28
68,Parker-Miller,Defense,EU,2025-12-20
69,Pitts-Price,Cyber,EU,2022-11-11
70,Cohen-Conley,Cyber,MENA,2023-07-20
71,Ortiz Group,Maritime,EU,2022-08-27
72,Peterson PLC,Maritime,PAC,2025-05-16
73,Spencer-Ramirez,Defense,EU,2025-02-11
74,Dean-Castillo,R&D,CONUS,2025-03-31
75,"Proctor, Morris and Washington",Cyber,CONUS,2023-07-29
76,Johnson Inc,Cyber,PAC,2023-03-26
77,Brown-Hartman,Cyber,CONUS,2025-11-05
78,West PLC,Cyber,CONUS,2024-08-24
79,Thompson-Hernandez,Defense,PAC,2023-09-03
80,Schultz-Mcdonald,Maritime,CONUS,2023-06-29
81,Bishop PLC,Aerospace,PAC,2026-03-29
82,Shields-Randolph,Aerospace,MENA,2023-03-03
83,Jones-Armstrong,Aerospace,MENA,2022-10-13
84,Valencia Group,Defense,PAC,2023-05-15
85,Randolph-Conley,Cyber,MENA,2026-04-24
86,Calhoun-Tucker,Aerospace,MENA,2025-06-08
87,Schmidt PLC,R&D,EU,2023-08-28
88,"Martin, Hunter and Young",R&D,CONUS,2025-01-14
89,Figueroa-Baker,Aerospace,PAC,2025-03-06
90,Medina-White,Cyber,MENA,2023-05-27
91,"Smith, Martinez and Wong",Cyber,EU,2023-10-14
92,Guzman-Osborne,Aerospace,PAC,2025-02-02
93,Berg-Garcia,Aerospace,CONUS,2024-11-23
94,Mcgrath-Shaffer,Defense,PAC,2023-06-07
95,Ruiz Inc,Cyber,PAC,2024-06-07
96,Lynch and Sons,R&D,CONUS,2022-12-02
97,Merritt-Cabrera,Maritime,PAC,2023-01-17
98,"Robinson, Ramirez and King",R&D,EU,2023-01-10
99,"Harris, Bailey and Harmon",Defense,PAC,2025-07-23
100,Nguyen-Kim,R&D,MENA,2024-08-14
101,Gonzalez-Walker,Aerospace,MENA,2022-07-14
102,Fletcher-Gates,Cyber,EU,2023-09-26
103,Le-Williams,Maritime,PAC,2025-12-16
104,"Jackson, Stafford and Williams",Defense,CONUS,2025-10-26
105,"Moore, Gray and Diaz",R&D,PAC,2023-10-26
106,Goodman-Ray,Aerospace,MENA,2025-11-09
107,"Hayes, Miranda and Mcdowell",Cyber,CONUS,2023-01-27
108,"Ward, Hunter and Ford",Aerospace,EU,2023-04-24
109,Mills LLC,R&D,MENA,2023-11-02
110,Mckenzie and Sons,Aerospace,MENA,2024-02-05
111,Giles Ltd,Defense,EU,2022-10-13
112,Chaney-Brooks,Cyber,MENA,2022-07-15
113,Wood and Sons,R&D,MENA,2024-12-12
114,Burgess-Mcneil,Defense,PAC,2023-04-20
115,Wang-Calderon,Aerospace,PAC,2025-11-19
116,Woods-Rogers,Aerospace,CONUS,2023-12-12
117,"Gardner, Horton and Fisher",R&D,PAC,2025-05-05
118,Young Group,Maritime,CONUS,2026-04-30
119,"Medina, Smith and Johnson",R&D,CONUS,2025-08-17
120,Wright-Lopez,Defense,CONUS,2026-02-14
121,"Rodgers, Jones and Thompson",Cyber,MENA,2023-01-17
122,Joyce PLC,Maritime,EU,2023-12-27
123,Chavez-Adkins,Maritime,PAC,2025-10-08
124,"Tucker, Malone and Nelson",R&D,PAC,2023-08-03
125,Moore LLC,Defense,PAC,2026-02-02
126,Ayers and Sons,Defense,CONUS,2022-07-04
127,"Harris, Ramirez and Russell",Aerospace,CONUS,2023-06-18
128,Marsh-Anderson,Aerospace,MENA,2024-09-03
129,"Hughes, Clark and Brown",Aerospace,CONUS,2022-10-02
130,"Khan, Bennett and Moon",Maritime,EU,2024-02-25
131,"Salinas, Harris and George",R&D,MENA,2023-10-16
132,Bean Ltd,Aerospace,MENA,2025-10-13
133,Stone and Sons,Aerospace,CONUS,2024-11-15
134,James PLC,Maritime,PAC,2024-06-24
135,"Gray, Torres and Lopez",Maritime,MENA,2024-06-11
136,"Simpson, Lindsey and Christensen",Defense,EU,2023-06-03
137,"Lee, Smith and Bennett",Cyber,PAC,2023-10-06
138,"Campos, Durham and Stewart",Aerospace,CONUS,2022-08-05
139,"Reyes, Evans and Taylor",Cyber,MENA,2023-09-16
140,"Rice, Mendez and Leonard",Cyber,CONUS,2025-09-06
141,"Burch, Kelley and Robertson",R&D,MENA,2025-06-13
142,Farmer-Fox,R&D,PAC,2022-10-26
143,Stevens LLC,Cyber,CONUS,2024-10-16
144,Sloan and Sons,Cyber,EU,2025-03-20
145,Sanchez Group,Aerospace,PAC,2024-06-17
146,"Santos, Jarvis and Bates",Cyber,MENA,2023-07-31
147,Clark-Wall,Maritime,PAC,2022-12-26
148,Pittman and Sons,Maritime,CONUS,2024-02-24
149,"Page, Chaney and Nash",Aerospace,PAC,2023-04-16
150,"Harrington, Walker and Bender",Cyber,MENA,2025-04-05
151,Sutton PLC,Aerospace,MENA,2022-09-03
152,Hall-Mcclain,Defense,MENA,2025-03-12
153,Wise Group,Maritime,EU,2024-09-09
154,Rivera-Wise,Defense,MENA,2024-06-19
155,Thompson-Peters,Cyber,CONUS,2024-08-20
156,Jones PLC,Defense,MENA,2025-10-12
157,Ramirez-Martin,Maritime,CONUS,2022-10-25
158,"Macdonald, Garcia and Moore",Aerospace,PAC,2023-12-22
159,"Holt, Parker and Smith",Aerospace,CONUS,2022-09-06
160,"Lewis, Anderson and Burns",Cyber,MENA,2022-11-26
161,Parker Ltd,Aerospace,MENA,2023-06-01
162,Snyder LLC,R&D,PAC,2024-07-08
163,"Davis, Miller and Stewart",Cyber,EU,2025-08-21
164,Perry Inc,Aerospace,EU,2025-10-25
165,James and Sons,R&D,PAC,2025-11-06
166,Mcdowell Inc,R&D,MENA,2024-08-16
167,"Garcia, Andrews and Perez",Defense,PAC,2026-02-12
168,Beltran Inc,Defense,EU,2024-04-04
169,"Combs, Todd and Brown",Defense,CONUS,2024-01-06
170,"Jackson, Lee and Pearson",Cyber,CONUS,2022-10-02
171,"Cole, Johnson and Johnson",Maritime,EU,2024-09-03
172,"Clay, Davis and Carlson",Cyber,MENA,2022-06-23
173,Price-Hughes,Defense,EU,2025-11-06
174,Cabrera Inc,Cyber,EU,2026-02-14
175,Thomas-Henry,R&D,EU,2022-08-07
176,"Campbell, Williams and Marquez",Maritime,PAC,2026-03-15
177,Hamilton and Sons,Aerospace,CONUS,2025-02-28
178,Perez-Yu,Maritime,CONUS,2023-11-17
179,Blevins Ltd,Aerospace,EU,2023-03-12
180,Nguyen Inc,Defense,CONUS,2022-08-07
181,"Nelson, Mays and Washington",Maritime,MENA,2022-08-06
182,Wade-Patrick,R&D,EU,2026-03-04
183,Clark Ltd,Defense,PAC,2022-12-13
184,"Foster, Harris and Hancock",Maritime,CONUS,2026-02-12
185,Carter Inc,Defense,CONUS,2024-04-30
186,Little and Sons,R&D,PAC,2023-10-13
187,"Frazier, Perry and Allen",Defense,EU,2024-08-31
188,Pope and Sons,Aerospace,PAC,2025-01-17
189,"Blanchard, Cox and Ramirez",Maritime,EU,2023-04-29
190,Chapman PLC,Cyber,CONUS,2022-07-14
191,Johnson PLC,Defense,MENA,2023-08-18
192,Thomas-Bennett,Cyber,PAC,2023-11-14
193,Reeves Group,Defense,EU,2024-06-29
194,"Martinez, Myers and Smith",Aerospace,PAC,2025-09-17
195,Perez LLC,Cyber,MENA,2025-06-20
196,Camacho-Ward,Defense,MENA,2025-04-07
197,"Higgins, Roberts and Dalton",Aerospace,MENA,2023-08-02
198,Brown PLC,Maritime,MENA,2022-11-15
199,"Melendez, Smith and Lewis",Aerospace,EU,2022-06-20
200,Madden-Garcia,Aerospace,PAC,2024-07-03
201,"Smith, Manning and Cameron",Defense,MENA,2022-11-24
202,Cannon-Johnson,Maritime,EU,2026-04-03
203,Ellison Ltd,Aerospace,PAC,2024-09-21
204,Price Group,Defense,PAC,2024-04-24
205,Lang-Ramirez,Aerospace,EU,2022-10-29
206,Holland-Stanley,R&D,CONUS,2025-02-04
207,"Burton, Campbell and Gonzalez",Defense,CONUS,2024-10-28
208,Reed-Medina,Defense,EU,2025-05-15
209,"Grant, Blake and Porter",Maritime,MENA,2026-03-17
210,Thomas Inc,Cyber,MENA,2023-06-19
211,"Werner, Miller and Johnson",Defense,MENA,2023-05-08
212,"Morgan, Mitchell and Bennett",Aerospace,CONUS,2023-08-13
213,Carter-Thomas,R&D,CONUS,2026-03-27
214,"Harrison, Parks and Perkins",Aerospace,MENA,2024-03-04
215,Rogers-Brown,R&D,EU,2023-08-15
216,"Richardson, Smith and Castro",Defense,EU,2022-08-28
217,Fuller Inc,Defense,CONUS,2026-04-19
218,"Aguilar, Torres and Gonzalez",Cyber,PAC,2023-09-10
219,Taylor-Cole,Aerospace,MENA,2023-01-01
220,Harris-Soto,R&D,EU,2022-08-10
221,"Johnson, Meyer and Moore",Defense,PAC,2023-09-22
222,"Boyd, Baker and Jordan",Aerospace,MENA,2023-08-16
223,Hernandez and Sons,Cyber,CONUS,2024-02-05
224,Phillips-Vasquez,Defense,PAC,2025-07-13
225,Jackson LLC,R&D,MENA,2023-02-14
226,Odonnell-Harris,Cyber,PAC,2025-01-14
227,Scott Inc,Defense,CONUS,2024-03-22
228,Mcknight PLC,Defense,MENA,2022-07-27
229,"Reed, Howe and Vasquez",Aerospace,EU,2023-07-02
230,Davis and Sons,Maritime,CONUS,2026-04-15
231,Mendez-Bell,Defense,MENA,2024-08-11
232,"Martin, Wilson and Lopez",Aerospace,MENA,2023-04-05
233,"Paul, Montgomery and Mckee",Defense,EU,2022-07-24
234,"Martin, Richards and Pearson",Defense,MENA,2026-04-13
235,Farley-Taylor,Aerospace,EU,2022-09-12
236,Mitchell-Ramirez,Defense,CONUS,2024-01-22
237,Bennett-Ford,Aerospace,MENA,2025-08-28
238,Jackson-Nolan,Cyber,CONUS,2024-08-19
239,Brown-Becker,Cyber,MENA,2024-12-31
240,Wright-Joyce,Defense,MENA,2026-03-28
241,"Cunningham, Kelly and Andrade",R&D,EU,2025-11-28
242,"Henson, Robertson and Wilson",Aerospace,CONUS,2023-01-09
243,Fuller-Duran,Defense,PAC,2022-11-17
244,Rice and Sons,Maritime,PAC,2023-09-21
245,Thomas-Sanchez,R&D,CONUS,2026-02-19
246,"Melton, Weaver and Ortiz",R&D,CONUS,2025-09-20
247,Herrera Inc,Cyber,EU,2025-10-31
248,"Conner, Rice and Maxwell",Cyber,CONUS,2023-03-09
249,Lamb Inc,R&D,CONUS,2025-10-15
250,Lee-Arellano,R&D,PAC,2024-05-16
251,Gross PLC,Maritime,EU,2023-05-04
252,Perez PLC,R&D,CONUS,2023-08-05
253,Rojas Ltd,Aerospace,EU,2024-04-26
254,Vargas-Horton,Maritime,PAC,2025-11-14
255,"Grimes, Martinez and Smith",Aerospace,EU,2022-07-05
256,Ibarra-Lane,Maritime,EU,2022-08-06
257,Good-Carter,Defense,MENA,2026-01-11
258,Bailey-Mann,Defense,EU,2022-07-22
259,Garza-Mcneil,Maritime,EU,2022-11-30
260,Wright-Gibson,Aerospace,PAC,2024-02-28
261,Tran LLC,Defense,EU,2023-06-03
262,"Frost, Stewart and Owen",Defense,PAC,2024-01-29
263,Franklin-Greene,Maritime,MENA,2024-04-07
264,Hart and Sons,R&D,EU,2025-05-06
265,Martin Group,R&D,CONUS,2023-04-25
266,Gould-Burns,Aerospace,EU,2022-08-17
267,"Hensley, Gilbert and Duncan",R&D,PAC,2026-05-01
268,Ortiz-Hubbard,Maritime,CONUS,2025-02-18
269,Bradshaw LLC,Aerospace,EU,2022-09-14
270,Parker Inc,R&D,MENA,2025-12-15
271,Holmes-Chase,Defense,MENA,2023-01-18
272,"Deleon, Wallace and Cochran",Cyber,PAC,2024-08-08
273,"Schultz, Reynolds and Cantu",Cyber,CONUS,2025-08-19
274,"Miller, Garcia and Sparks",Aerospace,PAC,2023-02-01
275,Lopez-Young,Maritime,PAC,2025-05-24
276,Wright-Stanley,Cyber,PAC,2024-04-08
277,"Williams, Robinson and Jones",Defense,MENA,2026-05-11
278,Mitchell and Sons,Defense,EU,2023-10-22
279,"Olson, Wilson and Kim",Defense,CONUS,2024-08-28
280,Martinez-Rodriguez,Cyber,CONUS,2026-05-16
281,James-Prince,Maritime,CONUS,2022-07-23
282,Scott PLC,Aerospace,MENA,2024-05-05
283,Quinn LLC,Cyber,MENA,2022-12-07
284,Huynh-Leon,Maritime,MENA,2024-02-04
285,Hayes-Pineda,Maritime,MENA,2023-03-21
286,"Davis, Sanders and Ferguson",Cyber,MENA,2024-10-11
287,Powell-Kennedy,Cyber,MENA,2025-04-21
288,Gardner Ltd,Aerospace,EU,2024-07-03
289,"Adams, Dunn and Williams",R&D,MENA,2023-08-17
290,"Diaz, Hunter and Cowan",Defense,CONUS,2022-11-12
291,Winters-Smith,Cyber,PAC,2024-07-13
292,Wu LLC,Maritime,MENA,2025-12-21
293,"Sutton, Johnson and Dodson",Maritime,CONUS,2022-12-19
294,Gould-Drake,Cyber,EU,2023-03-08
295,"Casey, Reynolds and Mcdonald",R&D,CONUS,2023-06-27
296,Johnson-Ayers,Cyber,CONUS,2024-08-05
297,Duran Group,Cyber,CONUS,2025-09-23
298,Green and Sons,R&D,PAC,2025-02-27
299,"Miller, Hayes and Anderson",Cyber,EU,2023-01-20
300,"Harris, Garner and Smith",Defense,MENA,2023-10-15
